ID,"NAME","USERNAME",AGENCY_ID,"EMAIL"
500,"Willian Salls","willian ",1,"williansalls@me.com"
501,"Racquel Galentine","racquel ",2,"racquelgalentine@me.com"
502,"Edna Veney","edna ",2,"ednaveney@me.com"
503,"Terrilyn Snoddy","terrilyn ",1,"terrilynsnoddy@me.com"
504,"Elli Murdoch","elli ",2,"ellimurdoch@me.com"
505,"Melia Stufflebeam","melia ",2,"meliastufflebeam@me.com"
506,"Paulene Dalman","paulene ",1,"paulenedalman@me.com"
507,"Angele Lammert","angele ",6,"angelelammert@me.com"
508,"Shoshana Aguiar","shoshana ",5,"shoshanaaguiar@me.com"
509,"Rashida Arrowsmith","rashida ",6,"rashidaarrowsmith@me.com"
510,"Pok Kitson","pok ",6,"pokkitson@me.com"
511,"Jana Kuck","jana ",6,"janakuck@me.com"
512,"Ester Tassone","ester ",8,"estertassone@me.com"
513,"Muriel Gover","muriel ",8,"murielgover@me.com"
514,"Tiffaney Plaisance","tiffaney ",1,"tiffaneyplaisance@me.com"
515,"Arnoldo Rech","arnoldo ",6,"arnoldorech@me.com"
516,"Erna Berman","erna ",4,"ernaberman@me.com"
517,"Ramonita Hawks","ramonita ",7,"ramonitahawks@me.com"
518,"Dino Racicot","dino ",8,"dinoracicot@me.com"
519,"Charlotte Threlkeld","charlotte ",5,"charlottethrelkeld@me.com"
520,"Raleigh Mines","raleigh ",7,"raleighmines@me.com"
521,"Junie Zarate","junie ",7,"juniezarate@me.com"
522,"Shawn Benny","shawn ",1,"shawnbenny@me.com"
523,"Elaina Burdett","elaina ",1,"elainaburdett@me.com"
524,"Keva Smolka","keva ",1,"kevasmolka@me.com"
525,"Victoria Buel","victoria ",1,"victoriabuel@me.com"
526,"Monroe Basler","monroe ",5,"monroebasler@me.com"
527,"Santa Beerman","santa ",6,"santabeerman@me.com"
528,"Genny Lim","genny ",6,"gennylim@me.com"
529,"Augustina Ono","augustina ",2,"augustinaono@me.com"
530,"John Smith","john ",2,"johnsmith@me.com"
